matra,frequency
ा,0.3748657357679914
ि,0.12030075187969924
ी,0.079484425349087
ु,0.09344790547798067
ू,0.02685284640171858
े,0.1460794844253491
ै,0.011815252416756176
ो,0.05800214822771214
ौ,0.07303974221267455
ं,0.01611170784103115
ः,0.0
ँ,0.0
ृ,0.0
