vyanjan,frequency
क,0.058394160583941604
ख,0.0
ग,0.0
घ,0.0
ङ,0.0
च,0.0
छ,0.0
ज,0.0
झ,0.0
ञ,0.0
ट,0.0072992700729927005
ठ,0.0
ड,0.021897810218978103
ढ,0.043795620437956206
ण,0.0
त,0.16058394160583941
थ,0.0
द,0.0
ध,0.0
न,0.24817518248175183
प,0.029197080291970802
फ,0.0
ब,0.0
भ,0.0
म,0.021897810218978103
य,0.014598540145985401
र,0.072992700729927
ल,0.291970802919708
व,0.014598540145985401
श,0.0
ष,0.0
स,0.0
ह,0.014598540145985401
