matra,frequency
ा,0.3173431734317343
ि,0.23985239852398524
ी,0.06642066420664207
ु,0.0
ू,0.07011070110701106
े,0.13653136531365315
ै,0.02952029520295203
ो,0.08487084870848709
ौ,0.01107011070110701
ं,0.04428044280442804
ः,0.0
ँ,0.0
ृ,0.0
