vyanjan,frequency
क,0.2028985507246377
ख,0.0
ग,0.0
घ,0.0
ङ,0.0
च,0.0
छ,0.0
ज,0.0
झ,0.0
ञ,0.0
ट,0.0
ठ,0.0
ड,0.028985507246376812
ढ,0.014492753623188406
ण,0.014492753623188406
त,0.11594202898550725
थ,0.0
द,0.0
ध,0.0
न,0.057971014492753624
प,0.057971014492753624
फ,0.0
ब,0.043478260869565216
भ,0.0
म,0.014492753623188406
य,0.0
र,0.36231884057971014
ल,0.08695652173913043
व,0.0
श,0.0
ष,0.0
स,0.0
ह,0.0
