vyanjan,frequency
क,0.14705882352941177
ख,0.0
ग,0.029411764705882353
घ,0.0
ङ,0.0
च,0.0
छ,0.0
ज,0.0
झ,0.0
ञ,0.0
ट,0.0
ठ,0.0
ड,0.0
ढ,0.0
ण,0.0
त,0.0
थ,0.0
द,0.0
ध,0.0
न,0.0
प,0.029411764705882353
फ,0.0
ब,0.0
भ,0.0
म,0.029411764705882353
य,0.0
र,0.5588235294117647
ल,0.17647058823529413
व,0.029411764705882353
श,0.0
ष,0.0
स,0.0
ह,0.0
