vyanjan,frequency
स,0.09375
य,0.0625
फ,0.0625
ण,0.15625
त,0.09375
ग,0.09375
च,0.03125
ढ,0.09375
प,0.03125
ठ,0.09375
छ,0.03125
म,0.0625
झ,0.03125
ष,0.03125
ड,0.03125
