matra,frequency
ा,27.442792717554703
ि,8.201102388508435
ी,12.92801068982796
ु,4.910639719392016
ू,2.3383998663771504
े,21.26273592784366
ै,4.4429597461165855
ो,8.050776682812762
ौ,0.6514113913479205
ं,8.034073826624352
ः,0.0835142809420411
ँ,1.0355770836813094
ृ,0.618005678971104
