matra,frequency
ा,0.26168524466276216
ि,0.08105044398261856
ी,0.14485169091252598
ु,0.051860948422444736
ू,0.025656527489136594
े,0.1919327413565086
ै,0.038295862459852635
ो,0.09316077838654827
ौ,0.006971471755148309
ं,0.0936897789533346
ः,0.00015114301908180616
ँ,0.00808615152087663
ृ,0.002607217079161156
