monogram,frequency
आ,25.0
–,3.5714285714285716
",",21.428571428571427
”,3.5714285714285716
न,10.714285714285714
.,3.5714285714285716
|,32.142857142857146
