swar,frequency
अ,0.14887640449438203
आ,0.18623595505617976
इ,0.09943820224719101
ई,0.09087078651685393
उ,0.175561797752809
ऊ,0.014044943820224719
ए,0.13525280898876405
ऐ,0.020365168539325844
ओ,0.026825842696629215
औ,0.10182584269662921
अं,0.0
अः,0.0
ऋ,0.0007022471910112359
