swar,frequency
अ,15.96958174904943
आ,10.392902408111533
इ,8.238276299112801
ई,4.942965779467681
उ,22.433460076045627
ऊ,1.7743979721166032
ए,18.631178707224336
ऐ,1.0139416983523448
ओ,1.1406844106463878
औ,15.462610899873257
अं,0.0
अः,0.0
