vyanjan,frequency
क,0.17647058823529413
ख,0.0
ग,0.0
घ,0.0
ङ,0.0
च,0.0
छ,0.0
ज,0.0
झ,0.0
ञ,0.0
ट,0.0
ठ,0.0
ड,0.029411764705882353
ढ,0.0
ण,0.0
त,0.058823529411764705
थ,0.0
द,0.0
ध,0.0
न,0.08823529411764706
प,0.14705882352941177
फ,0.0
ब,0.0
भ,0.0
म,0.0
य,0.0
र,0.35294117647058826
ल,0.08823529411764706
व,0.058823529411764705
श,0.0
ष,0.0
स,0.0
ह,0.0
