vyanjan,frequency
क,0.12195121951219512
ख,0.0
ग,0.0
घ,0.0
ङ,0.0
च,0.0
छ,0.0
ज,0.0
झ,0.0
ञ,0.0
ट,0.0
ठ,0.0
ड,0.0
ढ,0.0
ण,0.0
त,0.0
थ,0.0
द,0.0
ध,0.0
न,0.0975609756097561
प,0.04878048780487805
फ,0.0
ब,0.0
भ,0.0
म,0.4146341463414634
य,0.0
र,0.0
ल,0.1951219512195122
व,0.04878048780487805
श,0.07317073170731707
ष,0.0
स,0.0
ह,0.0
