vyanjan,frequency
क,0.07547169811320754
ख,0.0
ग,0.0
घ,0.0
ङ,0.0
च,0.0
छ,0.0
ज,0.0
झ,0.0
ञ,0.0
ट,0.0
ठ,0.0
ड,0.050314465408805034
ढ,0.0
ण,0.0
त,0.025157232704402517
थ,0.0
द,0.0
ध,0.006289308176100629
न,0.22012578616352202
प,0.0
फ,0.0
ब,0.0
भ,0.0
म,0.06918238993710692
य,0.0
र,0.4779874213836478
ल,0.012578616352201259
व,0.06289308176100629
श,0.0
ष,0.0
स,0.0
ह,0.0
