matra,frequency
ा,0.5283842794759825
ि,0.0975254730713246
ी,0.14264919941775836
ु,0.017467248908296942
ू,0.018922852983988356
े,0.024745269286754003
ै,0.055312954876273655
ो,0.09606986899563319
ौ,0.001455604075691412
ं,0.017467248908296942
ः,0.0
ँ,0.0
ृ,0.0
