vyanjan,frequency
क,0.0299625468164794
ख,0.0
ग,0.10112359550561797
घ,0.003745318352059925
ङ,0.0
च,0.0
छ,0.0
ज,0.0
झ,0.0
ञ,0.0
ट,0.0
ठ,0.0
ड,0.0
ढ,0.0
ण,0.0
त,0.003745318352059925
थ,0.0
द,0.011235955056179775
ध,0.018726591760299626
न,0.14606741573033707
प,0.011235955056179775
फ,0.0
ब,0.15355805243445692
भ,0.003745318352059925
म,0.052434456928838954
य,0.052434456928838954
र,0.08239700374531835
ल,0.18352059925093633
व,0.052434456928838954
श,0.0
ष,0.0
स,0.018726591760299626
ह,0.0749063670411985
