matra,frequency
ा,0.12538226299694188
ि,0.021406727828746176
ी,0.0764525993883792
ु,0.0764525993883792
ू,0.039755351681957186
े,0.5749235474006116
ै,0.0
ो,0.06422018348623854
ौ,0.0030581039755351682
ं,0.01834862385321101
ः,0.0
ँ,0.0
ृ,0.0
