matra,frequency
ा,0.3993174061433447
ि,0.06143344709897611
ी,0.10238907849829351
ु,0.06143344709897611
ू,0.06825938566552901
े,0.10580204778156997
ै,0.0034129692832764505
ो,0.19795221843003413
ौ,0.0
ं,0.0
ः,0.0
ँ,0.0
ृ,0.0
