vyanjan,frequency
क,0.03496503496503497
ख,0.0
ग,0.0
घ,0.0
ङ,0.0
च,0.006993006993006993
छ,0.0
ज,0.016317016317016316
झ,0.0
ञ,0.0
ट,0.002331002331002331
ठ,0.0
ड,0.0
ढ,0.0
ण,0.0
त,0.0675990675990676
थ,0.0
द,0.002331002331002331
ध,0.013986013986013986
न,0.07459207459207459
प,0.018648018648018648
फ,0.0
ब,0.0
भ,0.0
म,0.004662004662004662
य,0.006993006993006993
र,0.22377622377622378
ल,0.02097902097902098
व,0.004662004662004662
श,0.0675990675990676
ष,0.0
स,0.06526806526806526
ह,0.3682983682983683
