monogram,frequency,probability
आ,235,0.44761904761904764
न,200,0.38095238095238093
द,40,0.0761904761904762
व,30,0.05714285714285714
स,1,0.0019047619047619048
ए,4,0.007619047619047619
क,2,0.0038095238095238095
इ,1,0.0019047619047619048
अ,2,0.0038095238095238095
उ,1,0.0019047619047619048
र,4,0.007619047619047619
ओ,3,0.005714285714285714
ई,1,0.0019047619047619048
ह,1,0.0019047619047619048
