vyanjan,frequency
क,0.07142857142857142
ख,0.006493506493506494
ग,0.01948051948051948
घ,0.0
ङ,0.0
च,0.0
छ,0.0
ज,0.006493506493506494
झ,0.0
ञ,0.0
ट,0.0
ठ,0.0
ड,0.0
ढ,0.0
ण,0.0
त,0.05194805194805195
थ,0.0
द,0.0
ध,0.0
न,0.21428571428571427
प,0.006493506493506494
फ,0.0
ब,0.1038961038961039
भ,0.0
म,0.032467532467532464
य,0.13636363636363635
र,0.17532467532467533
ल,0.09090909090909091
व,0.025974025974025976
श,0.0
ष,0.0
स,0.012987012987012988
ह,0.045454545454545456
