vyanjan,frequency
क,0.1111111111111111
ख,0.012345679012345678
ग,0.012345679012345678
घ,0.0
ङ,0.0
च,0.0
छ,0.0
ज,0.0
झ,0.0
ञ,0.0
ट,0.0
ठ,0.0
ड,0.0
ढ,0.0
ण,0.0
त,0.012345679012345678
थ,0.0
द,0.0
ध,0.0
न,0.20987654320987653
प,0.0
फ,0.0
ब,0.09876543209876543
भ,0.012345679012345678
म,0.012345679012345678
य,0.024691358024691357
र,0.30864197530864196
ल,0.024691358024691357
व,0.012345679012345678
श,0.0
ष,0.0
स,0.024691358024691357
ह,0.12345679012345678
