matra,frequency
ा,0.37516869095816463
ि,0.049257759784075573
ी,0.21524966261808368
ु,0.06815114709851552
ू,0.011470985155195682
े,0.15317139001349528
ै,0.006072874493927126
ो,0.08367071524966262
ौ,0.010121457489878543
ं,0.02496626180836707
ः,0.0
ँ,0.0006747638326585695
ृ,0.0020242914979757085
