vyanjan,frequency
क,0.0
ख,0.0
ग,0.003067484662576687
घ,0.0
ङ,0.0
च,0.0
छ,0.0
ज,0.006134969325153374
झ,0.0
ञ,0.0
ट,0.0
ठ,0.006134969325153374
ड,0.027607361963190184
ढ,0.0
ण,0.02147239263803681
त,0.0950920245398773
थ,0.0
द,0.018404907975460124
ध,0.0
न,0.049079754601226995
प,0.0
फ,0.0
ब,0.003067484662576687
भ,0.006134969325153374
म,0.03374233128834356
य,0.2883435582822086
र,0.21779141104294478
ल,0.13496932515337423
व,0.04294478527607362
श,0.0
ष,0.0
स,0.003067484662576687
ह,0.04294478527607362
