matra,frequency
ा,0.21258620689655172
ि,0.15672413793103449
ी,0.19224137931034482
ु,0.04931034482758621
ू,0.014655172413793103
े,0.19775862068965516
ै,0.012413793103448275
ो,0.14689655172413793
ौ,0.012413793103448275
ं,0.002758620689655172
ः,0.0
ँ,0.0003448275862068965
ृ,0.001896551724137931
