matra,frequency
ा,0.21258620689655175
ि,0.1567241379310345
ी,0.19224137931034485
ु,0.049310344827586214
ू,0.014655172413793105
े,0.1977586206896552
ै,0.012413793103448277
ो,0.14689655172413796
ौ,0.012413793103448277
ं,0.0027586206896551726
ः,0.0
ँ,0.0003448275862068966
ृ,0.0018965517241379313
