matra,frequency
ा,0.3438735177865613
ि,0.09486166007905138
ी,0.04479578392621871
ु,0.1067193675889328
ू,0.05928853754940711
े,0.18050065876152832
ै,0.010540184453227932
ो,0.1541501976284585
ौ,0.0013175230566534915
ं,0.003952569169960474
ः,0.0
ँ,0.0
ृ,0.0
