vyanjan,frequency
क,0.16279069767441862
ख,0.0
ग,0.011627906976744186
घ,0.0
ङ,0.0
च,0.0
छ,0.0
ज,0.011627906976744186
झ,0.0
ञ,0.0
ट,0.0
ठ,0.0
ड,0.11627906976744186
ढ,0.0
ण,0.0
त,0.22093023255813954
थ,0.0
द,0.0
ध,0.0
न,0.23255813953488372
प,0.0
फ,0.0
ब,0.0
भ,0.023255813953488372
म,0.0
य,0.03488372093023256
र,0.1744186046511628
ल,0.011627906976744186
व,0.0
श,0.0
ष,0.0
स,0.0
ह,0.0
