vyanjan,frequency
क,0.08156028368794327
ख,0.0
ग,0.0851063829787234
घ,0.0
ङ,0.0
च,0.0
छ,0.0
ज,0.0
झ,0.0
ञ,0.0
ट,0.0
ठ,0.0
ड,0.0
ढ,0.0
ण,0.0
त,0.0
थ,0.0
द,0.02127659574468085
ध,0.0
न,0.05319148936170213
प,0.0
फ,0.0
ब,0.010638297872340425
भ,0.0035460992907801418
म,0.08156028368794327
य,0.05673758865248227
र,0.3191489361702128
ल,0.04609929078014184
व,0.014184397163120567
श,0.18439716312056736
ष,0.0
स,0.0425531914893617
ह,0.0
