matra,frequency
ा,0.32409972299168976
ि,0.06925207756232687
ी,0.16066481994459833
ु,0.01662049861495845
ू,0.04709141274238227
े,0.29085872576177285
ै,0.0221606648199446
ो,0.0664819944598338
ौ,0.0
ं,0.002770083102493075
ः,0.0
ँ,0.0
ृ,0.0
