vyanjan,frequency
क,0.2608695652173913
ख,0.012422360248447204
ग,0.006211180124223602
घ,0.0
ङ,0.0
च,0.0
छ,0.0
ज,0.0
झ,0.0
ञ,0.0
ट,0.012422360248447204
ठ,0.006211180124223602
ड,0.0
ढ,0.0
ण,0.0
त,0.11180124223602485
थ,0.0
द,0.006211180124223602
ध,0.0
न,0.13664596273291926
प,0.09316770186335403
फ,0.0
ब,0.0
भ,0.0
म,0.006211180124223602
य,0.0
र,0.2608695652173913
ल,0.037267080745341616
व,0.037267080745341616
श,0.0
ष,0.0
स,0.0
ह,0.012422360248447204
