matra,frequency
ा,0.11702127659574468
ि,0.02127659574468085
ी,0.02127659574468085
ु,0.23404255319148937
ू,0.06382978723404255
े,0.05319148936170213
ै,0.0
ो,0.26595744680851063
ौ,0.0
ं,0.14893617021276595
ः,0.0
ँ,0.0
ृ,0.07446808510638298
