vyanjan,frequency
क,0.0
ख,0.0
ग,0.0
घ,0.0
ङ,0.0
च,0.0
छ,0.0
ज,0.0
झ,0.0
ञ,0.0
ट,0.0794392523364486
ठ,0.0
ड,0.07009345794392523
ढ,0.0
ण,0.014018691588785047
त,0.0
थ,0.0
द,0.0
ध,0.0
न,0.009345794392523364
प,0.0
फ,0.0
ब,0.056074766355140186
भ,0.0
म,0.018691588785046728
य,0.0
र,0.7336448598130841
ल,0.009345794392523364
व,0.0
श,0.0
ष,0.0
स,0.009345794392523364
ह,0.0
