vyanjan,frequency
क,0.0
ख,0.0
ग,0.0
घ,0.0
ङ,0.0
च,0.0
छ,0.0
ज,0.0
झ,0.0
ञ,0.0
ट,0.2
ठ,0.0
ड,0.015384615384615385
ढ,0.0
ण,0.0
त,0.0
थ,0.0
द,0.0
ध,0.0
न,0.015384615384615385
प,0.0
फ,0.0
ब,0.07692307692307693
भ,0.0
म,0.0
य,0.0
र,0.6461538461538462
ल,0.046153846153846156
व,0.0
श,0.0
ष,0.0
स,0.0
ह,0.0
