matra,frequency
ा,0.30612244897959184
ि,0.061224489795918366
ी,0.4897959183673469
ु,0.02040816326530612
ू,0.0
े,0.08163265306122448
ै,0.0
ो,0.0
ौ,0.0
ं,0.04081632653061224
ः,0.0
ँ,0.0
ृ,0.0
